<?xml version="1.0" encoding="UTF-8"?>
<metadata xml:lang="pt"><Esri><CreaDate>20160317</CreaDate><CreaTime>12185200</CreaTime><ArcGISFormat>1.0</ArcGISFormat><SyncOnce>TRUE</SyncOnce><DataProperties><lineage><Process ToolSource="c:\program files (x86)\arcgis\desktop10.2\ArcToolbox\Toolboxes\Data Management Tools.tbx\CalculateField" Date="20160317" Time="121852">CalculateField GQ_EGQ0013_PNT151_OPOG_Poligono NOME "nome" VB #</Process><Process ToolSource="c:\program files (x86)\arcgis\desktop10.2\ArcToolbox\Toolboxes\Data Management Tools.tbx\CalculateField" Date="20160317" Time="151734">CalculateField GQ_EGQ0013_PNT151_OPOG_Poligono NOME "GQ_EGQ0013_PNT151_OPOG" VB #</Process><Process ToolSource="c:\program files (x86)\arcgis\desktop10.2\ArcToolbox\Toolboxes\Data Management Tools.tbx\CalculateField" Date="20160516" Time="161640">CalculateField 0013_GEOQS_PARNAIBA_T_151 NOME "0013_GEOQS_PARNAIBA_T_151" VB #</Process></lineage></DataProperties></Esri></metadata>
