<?xml version="1.0" encoding="UTF-8"?>
<metadata xml:lang="pt"><Esri><CreaDate>20160318</CreaDate><CreaTime>09303900</CreaTime><ArcGISFormat>1.0</ArcGISFormat><SyncOnce>TRUE</SyncOnce><DataProperties><lineage><Process ToolSource="c:\program files (x86)\arcgis\desktop10.2\ArcToolbox\Toolboxes\Data Management Tools.tbx\CalculateField" Date="20160318" Time="093039">CalculateField GQ_EGQ0009_SF_T_127_132_ORTENG_Poligono NOME "GQ_EGQ0009_SF_T_127_132_ORTENG" VB #</Process></lineage></DataProperties></Esri></metadata>
