<?xml version="1.0" encoding="UTF-8"?>
<metadata xml:lang="pt"><Esri><CreaDate>20160318</CreaDate><CreaTime>09523100</CreaTime><ArcGISFormat>1.0</ArcGISFormat><SyncOnce>TRUE</SyncOnce><DataProperties><lineage><Process ToolSource="c:\program files (x86)\arcgis\desktop10.2\ArcToolbox\Toolboxes\Data Management Tools.tbx\CalculateField" Date="20160318" Time="095231">CalculateField GQ_0313_BT_PN_03_PETROBRAS_Poligono NOME "GQ_0313_BT_PN_03_PETROBRAS" VB #</Process><Process ToolSource="c:\program files (x86)\arcgis\desktop10.2\ArcToolbox\Toolboxes\Data Management Tools.tbx\CalculateField" Date="20160516" Time="155634">CalculateField 0313_GEOQS_PARNAIBA_T_03 NOME "0313_GEOQS_PARNAIBA_T_03" VB #</Process></lineage></DataProperties></Esri></metadata>
