<?xml version="1.0" encoding="UTF-8"?>
<metadata xml:lang="pt"><Esri><CreaDate>20160318</CreaDate><CreaTime>10073600</CreaTime><ArcGISFormat>1.0</ArcGISFormat><SyncOnce>TRUE</SyncOnce><DataProperties><lineage><Process ToolSource="c:\program files (x86)\arcgis\desktop10.2\ArcToolbox\Toolboxes\Data Management Tools.tbx\CalculateField" Date="20160318" Time="100736">CalculateField GQ_003_POT_T_883_AURIZONIA_Poligono NOME "GQ_003_POT_T_883_AURIZONIA" VB #</Process></lineage></DataProperties></Esri></metadata>
