<?xml version="1.0" encoding="UTF-8"?>
<metadata xml:lang="pt"><Esri><CreaDate>20160318</CreaDate><CreaTime>09571700</CreaTime><ArcGISFormat>1.0</ArcGISFormat><SyncOnce>TRUE</SyncOnce><DataProperties><lineage><Process ToolSource="c:\program files (x86)\arcgis\desktop10.2\ArcToolbox\Toolboxes\Data Management Tools.tbx\CalculateField" Date="20160318" Time="095717">CalculateField GQ_003_POT_T_576_AURIZONIA_POLIGONO NOME "GQ_003_POT_T_576_AURIZONIA" VB #</Process></lineage></DataProperties></Esri></metadata>
