<?xml version="1.0" encoding="UTF-8"?>
<metadata xml:lang="pt"><Esri><CreaDate>20160318</CreaDate><CreaTime>10133900</CreaTime><ArcGISFormat>1.0</ArcGISFormat><SyncOnce>TRUE</SyncOnce><DataProperties><lineage><Process ToolSource="c:\program files (x86)\arcgis\desktop10.2\ArcToolbox\Toolboxes\Data Management Tools.tbx\CalculateField" Date="20160318" Time="101339">CalculateField GQ_003_POT_T_882_QUANTRA_Poligono NOME "GQ_003_POT_T_882_QUANTRA" VB #</Process><Process ToolSource="c:\program files (x86)\arcgis\desktop10.2\ArcToolbox\Toolboxes\Data Management Tools.tbx\CalculateField" Date="20160503" Time="125539">CalculateField 0003_GEOQS_POTIGUAR_T_882 NOME "0003_GEOQS_POTIGUAR_T_882" VB #</Process></lineage></DataProperties></Esri></metadata>
