<?xml version="1.0" encoding="UTF-8"?>
<metadata xml:lang="pt"><Esri><CreaDate>20160318</CreaDate><CreaTime>09490300</CreaTime><ArcGISFormat>1.0</ArcGISFormat><SyncOnce>TRUE</SyncOnce><DataProperties><lineage><Process ToolSource="c:\program files (x86)\arcgis\desktop10.2\ArcToolbox\Toolboxes\Data Management Tools.tbx\CalculateField" Date="20160318" Time="094903">CalculateField GQ_0006_BT_SOL_4_BT_SOL_4_A_HRTOeG_Poligono NOME "GQ_0006_BT_SOL_4_BT_SOL_4_A_HRTOeG" VB #</Process><Process ToolSource="c:\program files (x86)\arcgis\desktop10.2\ArcToolbox\Toolboxes\Data Management Tools.tbx\CalculateField" Date="20160429" Time="094023">CalculateField GQ_0006_BT_SOL_4_BT_SOL_4_A_HRTO&amp;G NOME "GQ_0006_BT-SOL-4_BT-SOL-4-A_HRTO&amp;G" VB #</Process></lineage></DataProperties></Esri></metadata>
