<?xml version="1.0" encoding="UTF-8"?>
<metadata xml:lang="pt"><Esri><CreaDate>20160318</CreaDate><CreaTime>09494900</CreaTime><ArcGISFormat>1.0</ArcGISFormat><SyncOnce>TRUE</SyncOnce><DataProperties><lineage><Process ToolSource="c:\program files (x86)\arcgis\desktop10.2\ArcToolbox\Toolboxes\Data Management Tools.tbx\CalculateField" Date="20160318" Time="094949">CalculateField GQ_0006_REC_T_153_PETROSYNERGY_Poligono NOME "GQ_0006_REC_T_153_PETROSYNERGY" VB #</Process><Process ToolSource="c:\program files (x86)\arcgis\desktop10.2\ArcToolbox\Toolboxes\Data Management Tools.tbx\CalculateField" Date="20160517" Time="095222">CalculateField 0006_GEOQS_RECONCAVO_T_153 NOME "0006_GEOQS_RECONCAVO_T_153" VB #</Process></lineage></DataProperties></Esri></metadata>
