<?xml version="1.0" encoding="UTF-8"?>
<metadata xml:lang="pt"><Esri><CreaDate>20160317</CreaDate><CreaTime>15202000</CreaTime><ArcGISFormat>1.0</ArcGISFormat><SyncOnce>TRUE</SyncOnce><DataProperties><lineage><Process ToolSource="c:\program files (x86)\arcgis\desktop10.2\ArcToolbox\Toolboxes\Data Management Tools.tbx\CalculateField" Date="20160317" Time="152020">CalculateField GQ_0009_SFT104_114_120_IMET_poligono NOME GQ_0009_SFT104_114_120_IMET VB #</Process><Process ToolSource="c:\program files (x86)\arcgis\desktop10.2\ArcToolbox\Toolboxes\Data Management Tools.tbx\CalculateField" Date="20160317" Time="152040">CalculateField GQ_0009_SFT104_114_120_IMET_poligono NOME "GQ_0009_SFT104_114_120_IMET" VB #</Process></lineage></DataProperties></Esri></metadata>
