<?xml version="1.0" encoding="UTF-8"?>
<metadata xml:lang="pt"><Esri><CreaDate>20160318</CreaDate><CreaTime>09592500</CreaTime><ArcGISFormat>1.0</ArcGISFormat><SyncOnce>TRUE</SyncOnce><DataProperties><lineage><Process ToolSource="c:\program files (x86)\arcgis\desktop10.2\ArcToolbox\Toolboxes\Data Management Tools.tbx\CalculateField" Date="20160318" Time="095925">CalculateField GQ_003_POT_T_407_QUANTRA_Poligono NOME "GQ_003_POT_T_407_QUANTRA" VB #</Process></lineage></DataProperties></Esri></metadata>
