<?xml version="1.0" encoding="UTF-8"?>
<metadata xml:lang="pt"><Esri><CreaDate>20160318</CreaDate><CreaTime>10091600</CreaTime><ArcGISFormat>1.0</ArcGISFormat><SyncOnce>TRUE</SyncOnce><DataProperties><lineage><Process ToolSource="c:\program files (x86)\arcgis\desktop10.2\ArcToolbox\Toolboxes\Data Management Tools.tbx\CalculateField" Date="20160318" Time="100916">CalculateField GQ0006_HRT_SOL_RIO_SURUBIM_Poligono NOME "GQ0006_HRT_SOL_RIO_SURUBIM" VB #</Process><Process ToolSource="c:\program files (x86)\arcgis\desktop10.2\ArcToolbox\Toolboxes\Data Management Tools.tbx\CalculateField" Date="20160318" Time="100950">CalculateField GQ0006_HRT_SOL_RIO_SURUBIM_Poligono NOME "GQ0006_HRT_SOL_RIO_SURUBIM" VB #</Process></lineage></DataProperties></Esri></metadata>
