<?xml version="1.0" encoding="UTF-8"?>
<metadata xml:lang="pt"><Esri><CreaDate>20160318</CreaDate><CreaTime>10175200</CreaTime><ArcGISFormat>1.0</ArcGISFormat><SyncOnce>TRUE</SyncOnce><DataProperties><lineage><Process ToolSource="c:\program files (x86)\arcgis\desktop10.2\ArcToolbox\Toolboxes\Data Management Tools.tbx\CalculateField" Date="20160318" Time="101752">CalculateField GQ_005_ES_T_401_ES_T_410_STARFISH_Poligono NOME "GQ_005_ES_T_401_ES_T_410_STARFISH" VB #</Process></lineage></DataProperties></Esri></metadata>
