<?xml version="1.0" encoding="UTF-8"?>
<metadata xml:lang="pt"><Esri><CreaDate>20160913</CreaDate><CreaTime>15202100</CreaTime><ArcGISFormat>1.0</ArcGISFormat><SyncOnce>TRUE</SyncOnce><DataProperties><itemProps><itemLocation><linkage Sync="TRUE">file://\\Fsenergia\DADOS\BACIA DO RECONCAVO\PROJETOS\REC-T-75\03.GEOQUIMICA\EXECUTADO\ANP\01.NTLG (Notif.Termino.Levantamento)\Tabela &amp; ShapeFile (ANP4C)\GQ_0018_REC_T_75_IMETAME_GEOQUIMICA(SIRGAS)</linkage><protocol Sync="TRUE">Local Area Network</protocol></itemLocation></itemProps><copyHistory><copy source="\\fsenergia\gis\RECÔNCAVO\PROJETOS\BLOCO_75_&amp;_76\Shapes\SIRGAS\Geoquimica\Imetame_Executado\GQ_0018_REC_T_75_IMETAME_GEOQUIMICA(SIRGAS)" dest="\\Fsenergia\DADOS\BACIA DO RECONCAVO\PROJETOS\REC-T-75\03.GEOQUIMICA\EXECUTADO\ANP\01.NTLG (Notif.Termino.Levantamento)\Tabela &amp; ShapeFile (ANP4C)\GQ_0018_REC_T_75_IMETAME_GEOQUIMICA(SIRGAS)" date="20160913" time="15202100"></copy></copyHistory></DataProperties></Esri></metadata>
